"user_id","first_name","last_name","date_start","date_end","ctc","net_pay","gross_pay","data_salary_basic_rate","data_salary_basic_type","currency","status","created_at"
"74042","","",2021-12-01,2021-12-31,2804051.0,2804051.0,2804051.0,2500000,monthly,IDR,approved,2021-12-28 04:08:14.000
"74053","","",2021-12-01,2021-12-31,3975805.0,3975805.0,3975805.0,3500000,monthly,IDR,approved,2021-12-28 05:39:43.000
"74052","","",2021-12-01,2021-12-31,1820000.0,1820000.0,1820000.0,1800000,monthly,IDR,approved,2022-01-04 04:45:38.000
"75963","","",2021-12-01,2021-12-31,292500.0,292500.0,292500.0,90000,daily,IDR,approved,2022-01-04 04:54:28.000
"83884","","",2021-12-01,2021-12-31,600000.0,600000.0,600000.0,3000000,monthly,IDR,approved,2022-01-04 04:55:59.000
"75983","","",2021-12-01,2021-12-31,633750.0,633750.0,633750.0,90000,daily,IDR,approved,2022-01-04 05:00:39.000
"75955","","",2021-12-01,2021-12-31,616500.0,616500.0,616500.0,90000,daily,IDR,approved,2022-01-04 05:07:54.000
"74138","","",2021-12-01,2021-12-31,968500.0,968500.0,968500.0,1000000,monthly,IDR,approved,2022-01-04 05:13:08.000
"74025","","",2021-12-01,2021-12-31,1943500.0,1943500.0,1943500.0,2000000,monthly,IDR,approved,2022-01-04 05:17:16.000
"74027","","",2021-12-01,2021-12-31,3406000.0,3406000.0,3406000.0,3500000,monthly,IDR,approved,2022-01-04 05:18:31.000
"74044","","",2021-12-01,2021-12-31,4017262.0,4017262.0,4017262.0,3500000,monthly,IDR,approved,2022-01-04 05:26:03.000
"79765","","",2021-12-01,2021-12-31,2010000.0,2010000.0,2010000.0,65000,daily,IDR,approved,2022-01-04 05:47:01.000
"79738","","",2021-12-01,2021-12-31,1765000.0,1765000.0,1765000.0,65000,daily,IDR,approved,2022-01-04 05:47:22.000
"75986","","",2021-12-01,2021-12-31,614250.0,614250.0,614250.0,90000,daily,IDR,approved,2022-01-04 06:45:55.000
"75218","","",2021-12-01,2021-12-31,193182.4166666667,193182.42,193182.4166666667,12500,hourly,IDR,approved,2022-01-04 06:47:52.000
"74054","","",2021-12-01,2021-12-31,1186588.0,1186588.0,1186588.0,45000,daily,IDR,approved,2022-01-04 06:57:55.000
"75952","","",2021-12-01,2021-12-31,1992854.0,1992854.0,1992854.0,9000,hourly,IDR,approved,2022-01-04 07:45:31.000
"83893","","",2021-12-01,2021-12-31,290000.0,290000.0,290000.0,65000,daily,IDR,approved,2022-01-05 04:32:05.000
"83894","","",2021-12-01,2021-12-31,400000.0,400000.0,400000.0,65000,daily,IDR,approved,2022-01-05 04:43:54.000
"74050","","",2021-12-01,2021-12-31,3280000.0,3280000.0,3280000.0,1800000,monthly,IDR,approved,2022-01-05 04:53:33.000
"74049","","",2021-12-01,2021-12-31,2130000.0,2130000.0,2130000.0,1800000,monthly,IDR,approved,2022-01-05 04:57:20.000
"74465","","",2021-12-01,2021-12-31,1234051.0,1234051.0,1234051.0,45000,daily,IDR,approved,2022-01-05 04:58:46.000
"83888","","",2021-12-01,2021-12-31,202391.0,202391.0,202391.0,65000,daily,IDR,approved,2022-01-05 05:00:33.000
"83902","","",2021-12-01,2021-12-31,478500.0,478500.0,478500.0,2500000,monthly,IDR,approved,2022-01-05 05:03:46.000
"83885","","",2021-12-01,2021-12-31,612318.0,612318.0,612318.0,3000000,monthly,IDR,approved,2022-01-05 05:40:27.000
"74556","","",2021-12-01,2021-12-31,1909051.0,1909051.0,1909051.0,1800000,monthly,IDR,approved,2022-01-05 05:44:20.000
"75848","","",2021-12-01,2021-12-31,1579500.0,1579500.0,1579500.0,90000,daily,IDR,approved,2022-01-05 05:53:42.000
"74461","","",2021-12-01,2021-12-31,3066515.0,3066515.0,3066515.0,3000000,monthly,IDR,approved,2022-01-05 06:15:19.000
"74639","","",2021-12-01,2021-12-31,976661.0,976661.0,976661.0,40000,daily,IDR,approved,2022-01-05 06:16:38.000
"75834","","",2021-12-01,2021-12-31,507000.0,507000.0,507000.0,90000,daily,IDR,approved,2022-01-05 06:18:59.000
"83893","","",2022-01-01,2022-01-31,4723444.0,4723444.0,4723444.0,65000,daily,IDR,approved,2022-01-21 08:23:45.000
"74044","","",2022-01-01,2022-01-31,5967956.0,5967956.0,5967956.0,3500000,monthly,IDR,approved,2022-01-21 08:24:10.000
"79738","","",2022-01-01,2022-01-31,5282963.0,5282963.0,5282963.0,65000,daily,IDR,approved,2022-01-21 08:25:00.000
"74053","","",2022-01-01,2022-01-31,4200552.0,4200552.0,4200552.0,3500000,monthly,IDR,approved,2022-02-04 05:14:47.000
"84541","","",2022-01-01,2022-01-31,711392.0,711392.0,711392.0,120000,daily,IDR,approved,2022-02-04 05:24:54.000
"87864","","",2022-01-01,2022-01-31,315527.0,315527.0,315527.0,120000,daily,IDR,approved,2022-02-04 05:26:24.000
"74050","","",2022-01-01,2022-01-31,3938395.0,3938395.0,3938395.0,1800000,monthly,IDR,approved,2022-02-04 05:27:51.000
"74049","","",2022-01-01,2022-01-31,3158395.0,3158395.0,3158395.0,1800000,monthly,IDR,approved,2022-02-04 05:33:11.000
"74052","","",2022-01-01,2022-01-31,1858395.0,1858395.0,1858395.0,1800000,monthly,IDR,approved,2022-02-04 05:35:18.000
"74461","","",2022-01-01,2022-01-31,3831746.0,3831746.0,3831746.0,3000000,monthly,IDR,approved,2022-02-04 05:40:15.000
"74042","","",2022-01-01,2022-01-31,3009900.0,3009900.0,3009900.0,2500000,monthly,IDR,approved,2022-02-04 05:50:09.000
"83884","","",2022-01-01,2022-01-31,3610389.0,3610389.0,3610389.0,3000000,monthly,IDR,approved,2022-02-04 06:10:11.000
"83885","","",2022-01-01,2022-01-31,3495377.0,3495377.0,3495377.0,3000000,monthly,IDR,approved,2022-02-04 06:15:50.000
"74465","","",2022-01-01,2022-01-31,1780389.0,1780389.0,1780389.0,45000,daily,IDR,approved,2022-02-04 06:20:31.000
"74639","","",2022-01-01,2022-01-31,628237.0,628237.0,628237.0,40000,daily,IDR,approved,2022-02-04 06:24:50.000
"74054","","",2022-01-01,2022-01-31,1882738.0,1882738.0,1882738.0,45000,daily,IDR,approved,2022-02-04 06:28:00.000
"79765","","",2022-01-01,2022-01-31,4347483.0,4347483.0,4347483.0,65000,daily,IDR,approved,2022-02-04 06:36:30.000
"83894","","",2022-01-01,2022-01-31,3392963.0,3392963.0,3392963.0,65000,daily,IDR,approved,2022-02-04 06:45:21.000
"83888","","",2022-01-01,2022-01-31,1707719.0,1707719.0,1707719.0,65000,daily,IDR,approved,2022-02-04 06:46:36.000
"74027","","",2022-01-01,2022-01-31,3544919.0,3544919.0,3544919.0,3500000,monthly,IDR,approved,2022-02-04 06:48:49.000
"74138","","",2022-01-01,2022-01-31,978524.0,978524.0,978524.0,1000000,monthly,IDR,approved,2022-02-04 06:50:13.000
"74025","","",2022-01-01,2022-01-31,1990064.0,1990064.0,1990064.0,2000000,monthly,IDR,approved,2022-02-04 06:51:35.000
"75952","","",2022-01-01,2022-01-31,1634049.5,1634049.5,1634049.5,9000,hourly,IDR,approved,2022-02-04 06:53:12.000
"75218","","",2022-01-01,2022-01-31,245301.66666666666,245301.67,245301.66666666666,15000,hourly,IDR,approved,2022-02-04 07:21:32.000
"83902","","",2022-01-01,2022-01-31,2680068.0,2680068.0,2680068.0,2500000,monthly,IDR,approved,2022-02-04 07:22:36.000
"84509","","",2022-01-01,2022-01-31,266847.5,266847.5,266847.5,9000,hourly,IDR,approved,2022-02-04 07:24:18.000
"84699","","",2022-01-01,2022-01-31,59850.0,59850.0,59850.0,9000,hourly,IDR,approved,2022-02-04 07:24:57.000
"75983","","",2022-01-01,2022-01-31,234000.0,234000.0,234000.0,120000,daily,IDR,approved,2022-02-04 07:27:58.000
"75963","","",2022-01-01,2022-01-31,702000.0,702000.0,702000.0,120000,daily,IDR,approved,2022-02-04 07:37:16.000
"84517","","",2022-01-01,2022-01-31,585000.0,585000.0,585000.0,120000,daily,IDR,approved,2022-02-04 07:42:33.000
"84490","","",2022-01-01,2022-01-31,1677000.0,1677000.0,1677000.0,120000,daily,IDR,approved,2022-02-04 07:43:19.000
"84932","","",2022-01-01,2022-01-31,906750.0,906750.0,906750.0,120000,daily,IDR,approved,2022-02-04 07:44:19.000
"85877","","",2022-01-01,2022-01-31,1092000.0,1092000.0,1092000.0,120000,daily,IDR,approved,2022-02-04 07:48:14.000
"90377","","",2022-01-01,2022-01-31,750000.0,750000.0,750000.0,750000,monthly,IDR,approved,2022-02-04 08:07:34.000
"74556","","",2022-01-01,2022-01-31,2211289.0,2211289.0,2211289.0,1800000,monthly,IDR,approved,2022-02-04 08:09:43.000
"74052","","",2022-02-01,2022-02-28,565912.0,565912.0,565912.0,1800000,monthly,IDR,approved,2022-02-26 08:05:54.000
"75218","","",2022-02-01,2022-02-28,375521.0,375521.0,375521.0,15000,hourly,IDR,approved,2022-02-26 09:02:37.000
"84509","","",2022-02-01,2022-02-28,178432.5,178432.5,178432.5,9000,hourly,IDR,approved,2022-02-26 09:06:11.000
"74053","","",2022-02-01,2022-02-28,4004273.0,4004273.0,4004273.0,3500000,monthly,IDR,approved,2022-03-01 04:37:08.000
"74044","","",2022-02-01,2022-02-28,4513462.0,4513462.0,4513462.0,3500000,monthly,IDR,approved,2022-03-01 05:16:16.000
"84541","","",2022-02-01,2022-02-28,4291525.0,4291525.0,4291525.0,3500000,monthly,IDR,approved,2022-03-01 05:22:23.000
"87864","","",2022-02-01,2022-02-28,2913159.0,2913159.0,2913159.0,3500000,monthly,IDR,approved,2022-03-01 05:25:27.000
"74050","","",2022-02-01,2022-02-28,3432277.0,3432277.0,3432277.0,1800000,monthly,IDR,approved,2022-03-01 05:27:01.000
"74049","","",2022-02-01,2022-02-28,3746791.0,3746791.0,3746791.0,1800000,monthly,IDR,approved,2022-03-01 05:33:30.000
"74461","","",2022-02-01,2022-02-28,4271129.0,4271129.0,4271129.0,3000000,monthly,IDR,approved,2022-03-01 05:36:00.000
"74042","","",2022-02-01,2022-02-28,3284467.0,3284467.0,3284467.0,2750000,monthly,IDR,approved,2022-03-01 05:37:41.000
"74556","","",2022-02-01,2022-02-28,2130710.0,2130710.0,2130710.0,1800000,monthly,IDR,approved,2022-03-01 05:41:08.000
"83884","","",2022-02-01,2022-02-28,3638689.0,3638689.0,3638689.0,3000000,monthly,IDR,approved,2022-03-01 05:42:17.000
"83885","","",2022-02-01,2022-02-28,3264798.0,3264798.0,3264798.0,3000000,monthly,IDR,approved,2022-03-01 05:43:11.000
"74465","","",2022-02-01,2022-02-28,1740387.0,1740387.0,1740387.0,45000,daily,IDR,approved,2022-03-01 05:47:04.000
"74639","","",2022-02-01,2022-02-28,718204.0,718204.0,718204.0,40000,daily,IDR,approved,2022-03-01 05:48:32.000
"74054","","",2022-02-01,2022-02-28,1879236.0,1879236.0,1879236.0,45000,daily,IDR,approved,2022-03-01 05:49:18.000
"79738","","",2022-02-01,2022-02-28,3679395.0,3679395.0,3679395.0,65000,daily,IDR,approved,2022-03-01 05:52:04.000
"79765","","",2022-02-01,2022-02-28,4005879.0,4005879.0,4005879.0,65000,daily,IDR,approved,2022-03-01 05:59:06.000
"83893","","",2022-02-01,2022-02-28,3555879.0,3555879.0,3555879.0,65000,daily,IDR,approved,2022-03-01 06:01:28.000
"83894","","",2022-02-01,2022-02-28,862582.0,862582.0,862582.0,65000,daily,IDR,approved,2022-03-01 06:03:03.000
"83888","","",2022-02-01,2022-02-28,2039580.0,2039580.0,2039580.0,65000,daily,IDR,approved,2022-03-01 06:04:35.000
"90377","","",2022-02-01,2022-02-28,1125000.0,1125000.0,1125000.0,750000,monthly,IDR,approved,2022-03-01 06:09:04.000
"91338","","",2022-02-01,2022-02-28,3652912.0,3652912.0,3652912.0,65000,daily,IDR,approved,2022-03-01 06:11:45.000
"90711","","",2022-02-01,2022-02-28,3073296.0,3073296.0,3073296.0,65000,daily,IDR,approved,2022-03-01 06:13:08.000
"90710","","",2022-02-01,2022-02-28,1862198.0,1862198.0,1862198.0,65000,daily,IDR,approved,2022-03-01 06:17:53.000
"90862","","",2022-02-01,2022-02-28,2456264.0,2456264.0,2456264.0,65000,daily,IDR,approved,2022-03-01 06:19:49.000
"92930","","",2022-02-01,2022-02-28,286237.0,286237.0,286237.0,55000,daily,IDR,approved,2022-03-01 06:21:11.000
"74027","","",2022-02-01,2022-02-28,3603574.0,3603574.0,3603574.0,3500000,monthly,IDR,approved,2022-03-01 06:30:17.000
"74138","","",2022-02-01,2022-02-28,1027500.0,1027500.0,1027500.0,1000000,monthly,IDR,approved,2022-03-01 06:31:32.000
"74025","","",2022-02-01,2022-02-28,1947500.0,1947500.0,1947500.0,2000000,monthly,IDR,approved,2022-03-01 06:33:12.000
"83902","","",2022-02-01,2022-02-28,2592822.0,2592822.0,2592822.0,2500000,monthly,IDR,approved,2022-03-01 06:34:56.000
"88348","","",2022-02-01,2022-02-28,2594604.0,2594604.0,2594604.0,2000000,monthly,IDR,approved,2022-03-01 06:37:53.000
"88357","","",2022-02-01,2022-02-28,1455000.0,1455000.0,1455000.0,1500000,monthly,IDR,approved,2022-03-01 06:39:46.000
"88347","","",2022-02-01,2022-02-28,2068869.0,2068869.0,2068869.0,2000000,monthly,IDR,approved,2022-03-01 06:40:28.000
"84932","","",2022-02-01,2022-02-28,234000.0,234000.0,234000.0,120000,daily,IDR,approved,2022-03-01 06:41:48.000
"75218","","",2022-03-01,2022-03-31,633670.83333333,633670.83,633670.83333333,15000,hourly,IDR,approved,2022-04-04 04:08:44.000
"93607","","",2022-03-01,2022-03-31,419250.0,419250.0,419250.0,120000,daily,IDR,approved,2022-04-11 07:23:16.000
"84932","","",2022-03-01,2022-03-31,487500.0,487500.0,487500.0,120000,daily,IDR,approved,2022-04-11 07:26:10.000
"85877","","",2022-03-01,2022-03-31,497250.0,497250.0,497250.0,120000,daily,IDR,approved,2022-04-11 07:29:26.000
"74027","","",2022-03-01,2022-03-31,3468009.0,3468009.0,3468009.0,3500000,monthly,IDR,approved,2022-04-11 07:31:37.000
"74138","","",2022-03-01,2022-03-31,1947500.0,1947500.0,1947500.0,2000000,monthly,IDR,approved,2022-04-11 07:33:36.000
"74025","","",2022-03-01,2022-03-31,1947500.0,1947500.0,1947500.0,2000000,monthly,IDR,approved,2022-04-11 07:34:40.000
"83902","","",2022-03-01,2022-03-31,2834703.0,2834703.0,2834703.0,2500000,monthly,IDR,approved,2022-04-11 07:35:58.000
"88348","","",2022-03-01,2022-03-31,2033814.0,2033814.0,2033814.0,2000000,monthly,IDR,approved,2022-04-11 07:38:27.000
"88357","","",2022-03-01,2022-03-31,1455000.0,1455000.0,1455000.0,1500000,monthly,IDR,approved,2022-04-11 07:39:57.000
"88347","","",2022-03-01,2022-03-31,2024854.0,2024854.0,2024854.0,2000000,monthly,IDR,approved,2022-04-11 07:45:18.000
"74053","","",2022-03-01,2022-03-31,3918147.0,3918147.0,3918147.0,3500000,monthly,IDR,approved,2022-04-11 07:46:56.000
"84541","","",2022-03-01,2022-03-31,4162127.0,4162127.0,4162127.0,3500000,monthly,IDR,approved,2022-04-11 07:48:51.000
"87864","","",2022-03-01,2022-03-31,4472930.0,4472930.0,4472930.0,3500000,monthly,IDR,approved,2022-04-11 07:50:34.000
"74050","","",2022-03-01,2022-03-31,2533401.74,2533401.74,2533401.74,1800000,monthly,IDR,approved,2022-04-11 07:52:18.000
"74052","","",2022-03-01,2022-03-31,0.0,0.0,0.0,1800000,monthly,IDR,approved,2022-04-11 07:59:16.000
"74049","","",2022-03-01,2022-03-31,3041431.0,3041431.0,3041431.0,1800000,monthly,IDR,approved,2022-04-11 08:00:10.000
"79738","","",2022-03-01,2022-03-31,2563402.73,2563402.73,2563402.73,1800000,monthly,IDR,approved,2022-04-11 08:04:15.000
"79765","","",2022-03-01,2022-03-31,3293401.74,3293401.74,3293401.74,1800000,monthly,IDR,approved,2022-04-11 08:07:36.000
"74461","","",2022-03-01,2022-03-31,3125579.0,3125579.0,3125579.0,3000000,monthly,IDR,approved,2022-04-11 08:14:22.000
"74042","","",2022-03-01,2022-03-31,2840870.74,2840870.74,2840870.74,2750000,monthly,IDR,approved,2022-04-11 08:16:55.000
"74556","","",2022-03-01,2022-03-31,1843828.0,1843828.0,1843828.0,1800000,monthly,IDR,approved,2022-04-11 08:17:42.000
"83884","","",2022-03-01,2022-03-31,3264587.0,3264587.0,3264587.0,3000000,monthly,IDR,approved,2022-04-11 08:19:18.000
"83885","","",2022-03-01,2022-03-31,3233910.0,3233910.0,3233910.0,3000000,monthly,IDR,approved,2022-04-11 08:21:26.000
"74465","","",2022-03-01,2022-03-31,1434587.0,1434587.0,1434587.0,45000,daily,IDR,approved,2022-04-11 08:24:49.000
"74639","","",2022-03-01,2022-03-31,621633.0,621633.0,621633.0,40000,daily,IDR,approved,2022-04-11 08:27:16.000
"74054","","",2022-03-01,2022-03-31,1366983.0,1366983.0,1366983.0,45000,daily,IDR,approved,2022-04-11 08:28:05.000
"83888","","",2022-03-01,2022-03-31,1340017.0,1340017.0,1340017.0,65000,daily,IDR,approved,2022-04-11 08:37:25.000
"90377","","",2022-03-01,2022-03-31,750000.0,750000.0,750000.0,750000,monthly,IDR,approved,2022-04-11 08:38:58.000
"91338","","",2022-03-01,2022-03-31,797083.0,797083.0,797083.0,65000,daily,IDR,approved,2022-04-11 08:39:13.000
"90862","","",2022-03-01,2022-03-31,1731353.0,1731353.0,1731353.0,65000,daily,IDR,approved,2022-04-11 08:44:08.000
"92930","","",2022-03-01,2022-03-31,507980.0,507980.0,507980.0,55000,daily,IDR,approved,2022-04-11 08:45:32.000
"90711","","",2022-03-01,2022-03-31,1447083.0,1447083.0,1447083.0,65000,daily,IDR,approved,2022-04-11 09:38:51.000
"75218","","",2022-04-01,2022-04-30,595286.0,595286.0,595286.0,15000,hourly,IDR,approved,2022-05-01 14:22:06.000
"84490","","",2022-04-01,2022-04-30,0.0,0.0,0.0,120000,daily,IDR,approved,2022-05-05 03:51:03.000
"74052","","",2022-04-01,2022-04-30,2002592.0,2002592.0,2002592.0,1800000,monthly,IDR,approved,2022-05-05 03:51:15.000
"75963","","",2022-04-01,2022-04-30,351000.0,351000.0,351000.0,120000,daily,IDR,approved,2022-05-05 03:54:20.000
"74135","","",2022-04-01,2022-04-30,0.0,0.0,0.0,0,hourly,IDR,approved,2022-05-05 03:55:06.000
"83884","","",2022-04-01,2022-04-30,3057653.0,3057653.0,3057653.0,3000000,monthly,IDR,approved,2022-05-05 03:55:13.000
"90862","","",2022-04-01,2022-04-30,100000.0,100000.0,100000.0,65000,daily,IDR,approved,2022-05-05 03:56:13.000
"75983","","",2022-04-01,2022-04-30,0.0,0.0,0.0,120000,daily,IDR,approved,2022-05-05 03:56:53.000
"75955","","",2022-04-01,2022-04-30,0.0,0.0,0.0,120000,daily,IDR,approved,2022-05-05 03:57:30.000
"74745","","",2022-04-01,2022-04-30,0.0,0.0,0.0,0,daily,IDR,approved,2022-05-05 03:58:12.000
"74138","","",2022-04-01,2022-04-30,1947500.0,1947500.0,1947500.0,2000000,monthly,IDR,approved,2022-05-05 03:58:19.000
"85877","","",2022-04-01,2022-04-30,117000.0,117000.0,117000.0,120000,daily,IDR,approved,2022-05-05 03:59:09.000
"74008","","",2022-04-01,2022-04-30,0.0,0.0,0.0,0,monthly,IDR,approved,2022-05-05 03:59:56.000
"74062","","",2022-04-01,2022-04-30,0.0,0.0,0.0,0,monthly,IDR,approved,2022-05-05 04:00:06.000
"83893","","",2022-04-01,2022-04-30,150000.0,150000.0,150000.0,65000,daily,IDR,approved,2022-05-05 04:00:23.000
"74025","","",2022-04-01,2022-04-30,1947500.0,1947500.0,1947500.0,2000000,monthly,IDR,approved,2022-05-05 04:02:42.000
"90710","","",2022-04-01,2022-04-30,0.0,0.0,0.0,65000,daily,IDR,approved,2022-05-05 04:03:15.000
"74027","","",2022-04-01,2022-04-30,3410000.0,3410000.0,3410000.0,3500000,monthly,IDR,approved,2022-05-05 04:03:23.000
"81587","","",2022-04-01,2022-04-30,0.0,0.0,0.0,120000,daily,IDR,approved,2022-05-05 04:06:32.000
"79738","","",2022-04-01,2022-04-30,1990202.74,1990202.74,1990202.74,1800000,monthly,IDR,approved,2022-05-05 04:33:38.000
"90377","","",2022-04-01,2022-04-30,1662500.0,1662500.0,1662500.0,1500000,monthly,IDR,approved,2022-05-05 04:53:50.000
"91338","","",2022-04-01,2022-04-30,0.0,0.0,0.0,65000,daily,IDR,approved,2022-05-05 04:58:27.000
"79765","","",2022-04-01,2022-04-30,2441557.74,2441557.74,2441557.74,1800000,monthly,IDR,approved,2022-05-05 05:00:01.000
"84509","","",2022-04-01,2022-04-30,0.0,0.0,0.0,9000,hourly,IDR,approved,2022-05-05 05:01:36.000
"92930","","",2022-04-01,2022-04-30,770000.0,770000.0,770000.0,55000,daily,IDR,approved,2022-05-05 05:03:05.000
"87864","","",2022-04-01,2022-04-30,4187381.0,4187381.0,4187381.0,3500000,monthly,IDR,approved,2022-05-05 05:03:57.000
"74050","","",2022-04-01,2022-04-30,1926548.74,1926548.74,1926548.74,1800000,monthly,IDR,approved,2022-05-05 05:06:54.000
"84932","","",2022-04-01,2022-04-30,351000.0,351000.0,351000.0,120000,daily,IDR,approved,2022-05-05 05:10:01.000
"84699","","",2022-04-01,2022-04-30,0.0,0.0,0.0,9000,hourly,IDR,approved,2022-05-05 05:10:42.000
"90711","","",2022-04-01,2022-04-30,1261159.0,1261159.0,1261159.0,65000,daily,IDR,approved,2022-05-05 05:10:59.000
"88348","","",2022-04-01,2022-04-30,2069295.0,2069295.0,2069295.0,2000000,monthly,IDR,approved,2022-05-05 05:12:53.000
"74049","","",2022-04-01,2022-04-30,1867178.0,1867178.0,1867178.0,1800000,monthly,IDR,approved,2022-05-05 05:14:15.000
"74465","","",2022-04-01,2022-04-30,1090251.0,1090251.0,1090251.0,45000,daily,IDR,approved,2022-05-05 05:16:21.000
"93607","","",2022-04-01,2022-04-30,234000.0,234000.0,234000.0,120000,daily,IDR,approved,2022-05-05 05:17:09.000
"83888","","",2022-04-01,2022-04-30,1686109.0,1686109.0,1686109.0,65000,daily,IDR,approved,2022-05-05 05:17:48.000
"74053","","",2022-04-01,2022-04-30,3610379.0,3610379.0,3610379.0,3500000,monthly,IDR,approved,2022-05-05 05:20:09.000
"83902","","",2022-04-01,2022-04-30,2758288.0,2758288.0,2758288.0,2810000,monthly,IDR,approved,2022-05-05 05:31:08.000
"84541","","",2022-04-01,2022-04-30,3988507.0,3988507.0,3988507.0,3500000,monthly,IDR,approved,2022-05-05 05:31:52.000
"83885","","",2022-04-01,2022-04-30,3100000.0,3100000.0,3100000.0,3000000,monthly,IDR,approved,2022-05-05 05:33:36.000
"74461","","",2022-04-01,2022-04-30,3243554.0,3243554.0,3243554.0,3000000,monthly,IDR,approved,2022-05-05 05:34:26.000
"74639","","",2022-04-01,2022-04-30,600000.0,600000.0,600000.0,40000,daily,IDR,approved,2022-05-05 05:36:10.000
"74042","","",2022-04-01,2022-04-30,2837882.74,2837882.74,2837882.74,2750000,monthly,IDR,approved,2022-05-05 05:36:44.000
"74556","","",2022-04-01,2022-04-30,1815912.0,1815912.0,1815912.0,1800000,monthly,IDR,approved,2022-05-05 05:37:07.000
"88357","","",2022-04-01,2022-04-30,1395000.0,1395000.0,1395000.0,1500000,monthly,IDR,approved,2022-05-05 05:37:54.000
"75834","","",2022-04-01,2022-04-30,0.0,0.0,0.0,120000,daily,IDR,approved,2022-05-05 05:38:43.000
"74054","","",2022-04-01,2022-04-30,1043228.0,1043228.0,1043228.0,45000,daily,IDR,approved,2022-05-05 05:39:00.000
"75218","","",2022-05-01,2022-05-31,668195.33333333,668195.33,668195.33333333,15000,hourly,IDR,approved,2022-06-03 21:37:24.000
"74053","","",2022-05-01,2022-05-31,3592349.0,3592349.0,3592349.0,3500000,monthly,IDR,approved,2022-06-10 07:33:35.000
"84541","","",2022-05-01,2022-05-31,3980861.0,3980861.0,3980861.0,3500000,monthly,IDR,approved,2022-06-10 07:35:19.000
"87864","","",2022-05-01,2022-05-31,5111810.0,5111810.0,5111810.0,3500000,monthly,IDR,approved,2022-06-10 07:36:33.000
"74052","","",2022-05-01,2022-05-31,1837992.0,1837992.0,1837992.0,1800000,monthly,IDR,approved,2022-06-10 07:38:29.000
"74049","","",2022-05-01,2022-05-31,1920912.0,1920912.0,1920912.0,1800000,monthly,IDR,approved,2022-06-10 07:39:24.000
"74050","","",2022-05-01,2022-05-31,1801082.74,1801082.74,1801082.74,1800000,monthly,IDR,approved,2022-06-10 07:40:30.000
"79738","","",2022-05-01,2022-05-31,1841842.74,1841842.74,1841842.74,1800000,monthly,IDR,approved,2022-06-10 07:42:16.000
"79765","","",2022-05-01,2022-05-31,2317762.74,2317762.74,2317762.74,1800000,monthly,IDR,approved,2022-06-10 07:43:29.000
"74461","","",2022-05-01,2022-05-31,2996515.0,2996515.0,2996515.0,3000000,monthly,IDR,approved,2022-06-10 07:44:12.000
"74042","","",2022-05-01,2022-05-31,2837882.74,2837882.74,2837882.74,2750000,monthly,IDR,approved,2022-06-10 07:45:22.000
"74556","","",2022-05-01,2022-05-31,1741270.0,1741270.0,1741270.0,1800000,monthly,IDR,approved,2022-06-10 07:46:02.000
"83885","","",2022-05-01,2022-05-31,3007472.0,3007472.0,3007472.0,3000000,monthly,IDR,approved,2022-06-10 07:46:44.000
"83884","","",2022-05-01,2022-05-31,2988965.0,2988965.0,2988965.0,3000000,monthly,IDR,approved,2022-06-10 07:47:06.000
"83902","","",2022-05-01,2022-05-31,2722894.0,2722894.0,2722894.0,2810000,monthly,IDR,approved,2022-06-10 07:51:37.000
"88348","","",2022-05-01,2022-05-31,2632856.74,2632856.74,2632856.74,2620000,monthly,IDR,approved,2022-06-10 07:54:37.000
"88357","","",2022-05-01,2022-05-31,1807882.74,1807882.74,1807882.74,1920000,monthly,IDR,approved,2022-06-10 07:57:13.000
"83888","","",2022-05-01,2022-05-31,1824397.74,1824397.74,1824397.74,1920000,monthly,IDR,approved,2022-06-10 07:57:31.000
"74465","","",2022-05-01,2022-05-31,1087684.0,1087684.0,1087684.0,45000,daily,IDR,approved,2022-06-10 07:58:13.000
"74639","","",2022-05-01,2022-05-31,640000.0,640000.0,640000.0,40000,daily,IDR,approved,2022-06-10 07:59:00.000
"74054","","",2022-05-01,2022-05-31,1090835.0,1090835.0,1090835.0,45000,daily,IDR,approved,2022-06-10 07:59:14.000
"90377","","",2022-05-01,2022-05-31,1895000.0,1895000.0,1895000.0,1500000,monthly,IDR,approved,2022-06-10 08:00:55.000
"90711","","",2022-05-01,2022-05-31,1092935.0,1092935.0,1092935.0,65000,daily,IDR,approved,2022-06-10 08:02:58.000
"92930","","",2022-05-01,2022-05-31,825000.0,825000.0,825000.0,55000,daily,IDR,approved,2022-06-10 08:05:32.000
"120666","","",2022-06-01,2022-06-30,2538494.0,2538494.0,2538494.0,2500000,monthly,IDR,approved,2022-06-10 08:08:48.000
"120666","","",2022-05-01,2022-05-31,2000000.0,2000000.0,2000000.0,2500000,monthly,IDR,approved,2022-06-10 08:09:20.000
"120694","","",2022-05-01,2022-05-31,770000.0,770000.0,770000.0,35000,daily,IDR,approved,2022-06-10 08:12:32.000
"120696","","",2022-05-01,2022-05-31,770000.0,770000.0,770000.0,35000,daily,IDR,approved,2022-06-10 08:14:11.000
"121592","","",2022-05-01,2022-05-31,100000.0,100000.0,100000.0,50000,daily,IDR,approved,2022-06-10 08:16:27.000
"74138","","",2022-05-01,2022-05-31,1947500.0,1947500.0,1947500.0,2000000,monthly,IDR,approved,2022-06-10 08:16:49.000
"74027","","",2022-05-01,2022-05-31,3897500.0,3897500.0,3897500.0,3500000,monthly,IDR,approved,2022-06-10 08:17:18.000
"74025","","",2022-05-01,2022-05-31,1947500.0,1947500.0,1947500.0,2000000,monthly,IDR,approved,2022-06-10 08:18:03.000
"75963","","",2022-05-01,2022-05-31,585000.0,585000.0,585000.0,120000,daily,IDR,approved,2022-06-10 08:19:30.000
"93607","","",2022-05-01,2022-05-31,117000.0,117000.0,117000.0,120000,daily,IDR,approved,2022-06-10 08:20:11.000
"125721","","",2022-05-01,2022-05-31,234000.0,234000.0,234000.0,120000,daily,IDR,approved,2022-06-10 08:21:47.000
"84932","","",2022-05-01,2022-05-31,585000.0,585000.0,585000.0,120000,daily,IDR,approved,2022-06-10 08:22:29.000
"85877","","",2022-05-01,2022-05-31,117000.0,117000.0,117000.0,120000,daily,IDR,approved,2022-06-10 08:23:19.000
"125744","","",2022-05-01,2022-05-31,351000.0,351000.0,351000.0,120000,daily,IDR,approved,2022-06-10 08:24:13.000
"75218","","",2022-06-01,2022-06-30,929870.83333333,929870.83,929870.83333333,15000,hourly,IDR,approved,2022-07-04 02:49:11.000
"74053","","",2022-06-01,2022-06-30,3551296.0,3551296.0,3551296.0,3500000,monthly,IDR,approved,2022-07-09 07:32:54.000
"84541","","",2022-06-01,2022-06-30,3894095.0,3894095.0,3894095.0,3500000,monthly,IDR,approved,2022-07-09 07:34:43.000
"87864","","",2022-06-01,2022-06-30,3791922.0,3791922.0,3791922.0,3500000,monthly,IDR,approved,2022-07-09 07:36:05.000
"74052","","",2022-06-01,2022-06-30,1833312.0,1833312.0,1833312.0,1800000,monthly,IDR,approved,2022-07-09 07:44:58.000
"74050","","",2022-06-01,2022-06-30,1344683.0,1344683.0,1344683.0,1800000,monthly,IDR,approved,2022-07-09 07:47:46.000
"79738","","",2022-06-01,2022-06-30,1996113.74,1996113.74,1996113.74,1800000,monthly,IDR,approved,2022-07-09 07:49:50.000
"79765","","",2022-06-01,2022-06-30,2471051.74,2471051.74,2471051.74,1800000,monthly,IDR,approved,2022-07-09 07:51:11.000
"74461","","",2022-06-01,2022-06-30,3017014.0,3017014.0,3017014.0,3000000,monthly,IDR,approved,2022-07-09 07:56:03.000
"74042","","",2022-06-01,2022-06-30,2837882.74,2837882.74,2837882.74,2750000,monthly,IDR,approved,2022-07-09 07:57:54.000
"74556","","",2022-06-01,2022-06-30,1754406.0,1754406.0,1754406.0,1800000,monthly,IDR,approved,2022-07-09 07:58:38.000
"83884","","",2022-06-01,2022-06-30,2918494.0,2918494.0,2918494.0,3000000,monthly,IDR,approved,2022-07-09 08:00:24.000
"83885","","",2022-06-01,2022-06-30,3017014.0,3017014.0,3017014.0,3000000,monthly,IDR,approved,2022-07-09 08:01:29.000
"83902","","",2022-06-01,2022-06-30,2725079.0,2725079.0,2725079.0,2810000,monthly,IDR,approved,2022-07-09 08:04:49.000
"88348","","",2022-06-01,2022-06-30,2572753.74,2572753.74,2572753.74,2620000,monthly,IDR,approved,2022-07-09 08:06:29.000
"88357","","",2022-06-01,2022-06-30,1807882.74,1807882.74,1807882.74,1920000,monthly,IDR,approved,2022-07-09 08:08:06.000
"83888","","",2022-06-01,2022-06-30,1844896.74,1844896.74,1844896.74,1920000,monthly,IDR,approved,2022-07-09 08:08:16.000
"90377","","",2022-06-01,2022-06-30,2100000.0,2100000.0,2100000.0,1500000,monthly,IDR,approved,2022-07-09 08:10:06.000
"128325","","",2022-06-01,2022-06-30,2800000.0,2800000.0,2800000.0,5000000,monthly,IDR,approved,2022-07-09 08:12:29.000
"74465","","",2022-06-01,2022-06-30,1022572.0,1022572.0,1022572.0,45000,daily,IDR,approved,2022-07-09 08:13:25.000
"74639","","",2022-06-01,2022-06-30,663689.0,663689.0,663689.0,40000,daily,IDR,approved,2022-07-09 08:15:12.000
"74054","","",2022-06-01,2022-06-30,1162014.0,1162014.0,1162014.0,45000,daily,IDR,approved,2022-07-09 08:15:54.000
"90711","","",2022-06-01,2022-06-30,1091896.0,1091896.0,1091896.0,65000,daily,IDR,approved,2022-07-09 08:18:58.000
"121592","","",2022-06-01,2022-06-30,102961.0,102961.0,102961.0,50000,daily,IDR,approved,2022-07-09 08:20:08.000
"120696","","",2022-06-01,2022-06-30,766091.0,766091.0,766091.0,35000,daily,IDR,approved,2022-07-09 08:20:59.000
"120694","","",2022-06-01,2022-06-30,656650.0,656650.0,656650.0,35000,daily,IDR,approved,2022-07-09 08:21:49.000
"74138","","",2022-07-01,2022-07-31,1947500.0,1947500.0,1947500.0,2000000,monthly,IDR,approved,2022-07-09 08:30:12.000
"74027","","",2022-07-01,2022-07-31,3410000.0,3410000.0,3410000.0,3500000,monthly,IDR,approved,2022-07-09 08:30:34.000
"74025","","",2022-06-01,2022-06-30,1947500.0,1947500.0,1947500.0,2000000,monthly,IDR,approved,2022-07-09 08:31:10.000
"74138","","",2022-06-01,2022-06-30,1947500.0,1947500.0,1947500.0,2000000,monthly,IDR,approved,2022-07-09 08:31:37.000
"74027","","",2022-06-01,2022-06-30,3410000.0,3410000.0,3410000.0,3500000,monthly,IDR,approved,2022-07-09 08:31:57.000
"125721","","",2022-06-01,2022-06-30,702000.0,702000.0,702000.0,120000,daily,IDR,approved,2022-07-09 08:32:39.000
"84932","","",2022-06-01,2022-06-30,936000.0,936000.0,936000.0,120000,daily,IDR,approved,2022-07-09 08:33:14.000
"125744","","",2022-06-01,2022-06-30,468000.0,468000.0,468000.0,120000,daily,IDR,approved,2022-07-09 08:34:12.000
"90862","","",2022-02-01,2022-02-28,,,,65000,daily,IDR,draft,2022-03-01 06:19:49.000
"75952","","",2022-02-01,2022-02-28,,,,9000,hourly,IDR,draft,2022-03-01 06:33:45.000
"83893","","",2022-03-01,2022-03-31,,,,65000,daily,IDR,draft,2022-04-11 08:32:13.000
"74025","","",2022-07-01,2022-07-31,,,,2000000,monthly,IDR,approved,2022-07-09 08:29:30.000
"75218","","",2022-07-01,2022-07-31,,,,15000,hourly,IDR,approved,2022-08-03 13:10:01.000
"74052","","",2022-09-01,2022-09-30,,,,1800000,monthly,IDR,approved,2022-09-02 02:23:08.000
"74052","","",2022-07-01,2022-07-31,,,,1800000,monthly,IDR,approved,2022-09-02 02:23:35.000
"83884","","",2022-07-01,2022-07-31,,,,3000000,monthly,IDR,approved,2022-09-02 02:32:10.000
"79738","","",2022-07-01,2022-07-31,,,,1800000,monthly,IDR,approved,2022-09-02 02:33:16.000
"90377","","",2022-07-01,2022-07-31,,,,1500000,monthly,IDR,approved,2022-09-02 02:34:24.000
"79765","","",2022-07-01,2022-07-31,,,,1800000,monthly,IDR,approved,2022-09-02 02:35:00.000
"87864","","",2022-07-01,2022-07-31,,,,3500000,monthly,IDR,approved,2022-09-02 02:36:30.000
"90711","","",2022-07-01,2022-07-31,,,,65000,daily,IDR,approved,2022-09-02 02:49:08.000
"121592","","",2022-07-01,2022-07-31,,,,50000,daily,IDR,approved,2022-09-02 02:52:14.000
"88348","","",2022-07-01,2022-07-31,,,,2620000,monthly,IDR,approved,2022-09-02 02:53:11.000
"74049","","",2022-07-01,2022-07-31,,,,1800000,monthly,IDR,approved,2022-09-02 02:56:32.000
"74465","","",2022-07-01,2022-07-31,,,,45000,daily,IDR,approved,2022-09-02 02:57:32.000
"83888","","",2022-07-01,2022-07-31,,,,1920000,monthly,IDR,approved,2022-09-02 02:58:13.000
"74053","","",2022-07-01,2022-07-31,,,,3500000,monthly,IDR,approved,2022-09-02 02:59:14.000
"83902","","",2022-07-01,2022-07-31,,,,2810000,monthly,IDR,approved,2022-09-02 02:59:46.000
"84541","","",2022-07-01,2022-07-31,,,,3500000,monthly,IDR,approved,2022-09-02 03:01:13.000
"83885","","",2022-07-01,2022-07-31,,,,3000000,monthly,IDR,approved,2022-09-02 03:02:12.000
"74461","","",2022-07-01,2022-07-31,,,,3000000,monthly,IDR,approved,2022-09-02 03:09:12.000
"74639","","",2022-07-01,2022-07-31,,,,40000,daily,IDR,approved,2022-09-02 03:20:40.000
"74042","","",2022-07-01,2022-07-31,,,,2750000,monthly,IDR,approved,2022-09-02 03:22:03.000
"74556","","",2022-07-01,2022-07-31,,,,1800000,monthly,IDR,approved,2022-09-02 03:22:48.000
"88357","","",2022-07-01,2022-07-31,,,,1920000,monthly,IDR,approved,2022-09-02 03:24:09.000
"120694","","",2022-07-01,2022-07-31,,,,35000,daily,IDR,approved,2022-09-02 03:25:17.000
"128325","","",2022-07-01,2022-07-31,,,,5000000,monthly,IDR,approved,2022-09-02 03:26:17.000
"74054","","",2022-07-01,2022-07-31,,,,45000,daily,IDR,approved,2022-09-02 03:26:43.000
"75218","","",2022-08-01,2022-08-31,,,,15000,hourly,IDR,approved,2022-09-02 15:32:59.000
"74052","","",2022-08-01,2022-08-31,,,,1800000,monthly,IDR,approved,2022-09-10 04:51:18.000
"83884","","",2022-08-01,2022-08-31,,,,3000000,monthly,IDR,approved,2022-09-10 04:53:07.000
"79738","","",2022-08-01,2022-08-31,,,,1800000,monthly,IDR,approved,2022-09-10 04:54:48.000
"90377","","",2022-08-01,2022-08-31,,,,1500000,monthly,IDR,approved,2022-09-10 04:56:47.000
"79765","","",2022-08-01,2022-08-31,,,,1800000,monthly,IDR,approved,2022-09-10 04:58:22.000
"87864","","",2022-08-01,2022-08-31,,,,3500000,monthly,IDR,approved,2022-09-10 05:00:03.000
"90711","","",2022-08-01,2022-08-31,,,,65000,daily,IDR,approved,2022-09-10 05:02:00.000
"121592","","",2022-08-01,2022-08-31,,,,50000,daily,IDR,approved,2022-09-10 05:03:21.000
"88348","","",2022-08-01,2022-08-31,,,,2620000,monthly,IDR,approved,2022-09-10 05:04:21.000
"74049","","",2022-08-01,2022-08-31,,,,1800000,monthly,IDR,approved,2022-09-10 05:05:41.000
"74465","","",2022-08-01,2022-08-31,,,,45000,daily,IDR,approved,2022-09-10 05:07:01.000
"83888","","",2022-08-01,2022-08-31,,,,1920000,monthly,IDR,approved,2022-09-10 05:08:12.000
"74053","","",2022-08-01,2022-08-31,,,,3500000,monthly,IDR,approved,2022-09-10 05:08:33.000
"83902","","",2022-08-01,2022-08-31,,,,2810000,monthly,IDR,approved,2022-09-10 05:09:43.000
"84541","","",2022-08-01,2022-08-31,,,,3500000,monthly,IDR,approved,2022-09-10 05:11:03.000
"74042","","",2022-08-01,2022-08-31,,,,2750000,monthly,IDR,approved,2022-09-10 05:12:09.000
"88357","","",2022-08-01,2022-08-31,,,,1920000,monthly,IDR,approved,2022-09-10 05:13:01.000
"128325","","",2022-08-01,2022-08-31,,,,5000000,monthly,IDR,approved,2022-09-10 05:13:56.000
"74138","","",2022-08-01,2022-08-31,,,,2000000,monthly,IDR,approved,2022-09-10 05:14:39.000
"74025","","",2022-08-01,2022-08-31,,,,2000000,monthly,IDR,approved,2022-09-10 05:16:39.000
"74027","","",2022-08-01,2022-08-31,,,,3500000,monthly,IDR,approved,2022-09-10 05:17:13.000
"125744","","",2022-08-01,2022-08-31,,,,120000,daily,IDR,approved,2022-09-10 05:20:07.000
"125721","","",2022-08-01,2022-08-31,,,,120000,daily,IDR,approved,2022-09-10 05:20:56.000
"75963","","",2022-08-01,2022-08-31,,,,120000,daily,IDR,approved,2022-09-10 05:21:44.000
"84490","","",2022-08-01,2022-08-31,,,,120000,daily,IDR,draft,2022-09-10 05:22:31.000
"120696","","",2022-07-01,2022-07-31,,,,40000,daily,IDR,approved,2022-09-13 02:18:11.000
"120666","","",2022-07-01,2022-07-31,,,,3000000,monthly,IDR,approved,2022-09-13 02:21:08.000
"83885","","",2022-08-01,2022-08-31,,,,3000000,monthly,IDR,approved,2022-09-13 02:25:47.000
"74461","","",2022-08-01,2022-08-31,,,,3000000,monthly,IDR,approved,2022-09-13 02:26:55.000
"74639","","",2022-08-01,2022-08-31,,,,40000,daily,IDR,approved,2022-09-13 02:28:01.000
"74556","","",2022-08-01,2022-08-31,,,,1800000,monthly,IDR,approved,2022-09-13 02:28:55.000
"75218","","",2022-09-01,2022-09-30,,,,15000,hourly,IDR,draft,2022-10-04 12:39:16.000
"75218","","",2022-09-01,2022-09-30,,,,15000,hourly,IDR,approved,2022-10-04 12:39:16.000
"83884","","",2022-09-01,2022-09-30,,,,3000000,monthly,IDR,approved,2022-10-07 03:00:31.000
"79738","","",2022-09-01,2022-09-30,,,,1800000,monthly,IDR,approved,2022-10-07 03:09:37.000
"90377","","",2022-09-01,2022-09-30,,,,1500000,monthly,IDR,approved,2022-10-07 03:17:36.000
"79765","","",2022-09-01,2022-09-30,,,,1800000,monthly,IDR,approved,2022-10-07 03:18:32.000
"87864","","",2022-09-01,2022-09-30,,,,3500000,monthly,IDR,approved,2022-10-07 03:20:36.000
"90711","","",2022-09-01,2022-09-30,,,,65000,daily,IDR,approved,2022-10-07 03:24:48.000
"121592","","",2022-09-01,2022-09-30,,,,50000,daily,IDR,approved,2022-10-07 03:32:38.000
"88348","","",2022-09-01,2022-09-30,,,,2620000,monthly,IDR,approved,2022-10-07 03:33:27.000
"74049","","",2022-09-01,2022-09-30,,,,1800000,monthly,IDR,approved,2022-10-07 03:36:18.000
"74465","","",2022-09-01,2022-09-30,,,,45000,daily,IDR,approved,2022-10-07 03:41:44.000
"83888","","",2022-09-01,2022-09-30,,,,1920000,monthly,IDR,approved,2022-10-07 03:43:16.000
"74053","","",2022-09-01,2022-09-30,,,,3500000,monthly,IDR,approved,2022-10-07 03:44:40.000
"83902","","",2022-09-01,2022-09-30,,,,2810000,monthly,IDR,approved,2022-10-07 03:45:29.000
"84541","","",2022-09-01,2022-09-30,,,,3500000,monthly,IDR,approved,2022-10-07 03:46:26.000
"83885","","",2022-09-01,2022-09-30,,,,3000000,monthly,IDR,approved,2022-10-07 03:48:56.000
"74461","","",2022-09-01,2022-09-30,,,,3000000,monthly,IDR,approved,2022-10-07 03:50:52.000
"74639","","",2022-09-01,2022-09-30,,,,40000,daily,IDR,approved,2022-10-07 03:51:50.000
"74042","","",2022-09-01,2022-09-30,,,,2750000,monthly,IDR,approved,2022-10-07 03:53:15.000
"120694","","",2022-09-01,2022-09-30,,,,35000,daily,IDR,approved,2022-10-07 03:54:26.000
"128325","","",2022-09-01,2022-09-30,,,,5000000,monthly,IDR,approved,2022-10-07 03:59:35.000
"74054","","",2022-09-01,2022-09-30,,,,45000,daily,IDR,approved,2022-10-07 04:00:03.000
"120666","","",2022-08-01,2022-08-31,,,,2500000,monthly,IDR,approved,2022-10-07 04:07:49.000
"120666","","",2022-09-01,2022-09-30,,,,3000000,monthly,IDR,approved,2022-10-07 04:08:45.000
"120696","","",2022-09-01,2022-09-30,,,,40000,daily,IDR,approved,2022-10-07 04:13:23.000
"120696","","",2022-08-01,2022-08-31,,,,35000,daily,IDR,approved,2022-10-07 04:14:52.000
"146182","","",2022-09-01,2022-09-30,,,,50000,daily,IDR,approved,2022-10-07 04:32:44.000
"146166","","",2022-09-01,2022-09-30,,,,50000,daily,IDR,approved,2022-10-07 04:33:54.000
"155509","","",2022-09-01,2022-09-30,,,,1800000,monthly,IDR,approved,2022-10-07 04:39:47.000
"88357","","",2022-09-01,2022-09-30,,,,1920000,monthly,IDR,approved,2022-10-07 04:43:43.000
"125744","","",2022-09-01,2022-09-30,,,,120000,daily,IDR,approved,2022-10-07 04:55:48.000
"75963","","",2022-09-01,2022-09-30,,,,120000,daily,IDR,approved,2022-10-07 04:57:23.000
"132484","","",2022-09-01,2022-09-30,,,,120000,daily,IDR,approved,2022-10-07 05:01:09.000
